{
	"Dateline Standard Time": { "iana": ["Etc/GMT+12"] },
	"UTC-11": { "iana": ["Etc/GMT+11"] },
	"Aleutian Standard Time": { "iana": ["America/Adak"] },
	"Hawaiian Standard Time": { "iana": ["Pacific/Honolulu"] },
	"Marquesas Standard Time": { "iana": ["Pacific/Marquesas"] },
	"Alaskan Standard Time": { "iana": ["America/Anchorage"] },
	"UTC-09": { "iana": ["Etc/GMT+9"] },
	"Pacific Standard Time (Mexico)": { "iana": ["America/Tijuana"] },
	"UTC-08": { "iana": ["Etc/GMT+8"] },
	"Pacific Standard Time": { "iana": ["America/Los_Angeles"] },
	"US Mountain Standard Time": { "iana": ["America/Phoenix"] },
	"Mountain Standard Time (Mexico)": { "iana": ["America/Chihuahua"] },
	"Mountain Standard Time": { "iana": ["America/Denver"] },
	"Central America Standard Time": { "iana": ["America/Guatemala"] },
	"Central Standard Time": { "iana": ["America/Chicago"] },
	"Easter Island Standard Time": { "iana": ["Pacific/Easter"] },
	"Central Standard Time (Mexico)": { "iana": ["America/Mexico_City"] },
	"Canada Central Standard Time": { "iana": ["America/Regina"] },
	"SA Pacific Standard Time": { "iana": ["America/Bogota"] },
	"Eastern Standard Time (Mexico)": { "iana": ["America/Cancun"] },
	"Eastern Standard Time": { "iana": ["America/New_York"] },
	"Haiti Standard Time": { "iana": ["America/Port-au-Prince"] },
	"Cuba Standard Time": { "iana": ["America/Havana"] },
	"US Eastern Standard Time": { "iana": ["America/Indianapolis"] },
	"Turks And Caicos Standard Time": { "iana": ["America/Grand_Turk"] },
	"Paraguay Standard Time": { "iana": ["America/Asuncion"] },
	"Atlantic Standard Time": { "iana": ["America/Halifax"] },
	"Venezuela Standard Time": { "iana": ["America/Caracas"] },
	"Central Brazilian Standard Time": { "iana": ["America/Cuiaba"] },
	"SA Western Standard Time": { "iana": ["America/La_Paz"] },
	"Pacific SA Standard Time": { "iana": ["America/Santiago"] },
	"Newfoundland Standard Time": { "iana": ["America/St_Johns"] },
	"Tocantins Standard Time": { "iana": ["America/Araguaina"] },
	"E. South America Standard Time": { "iana": ["America/Sao_Paulo"] },
	"SA Eastern Standard Time": { "iana": ["America/Cayenne"] },
	"Argentina Standard Time": { "iana": ["America/Buenos_Aires"] },
	"Greenland Standard Time": { "iana": ["America/Godthab"] },
	"Montevideo Standard Time": { "iana": ["America/Montevideo"] },
	"Magallanes Standard Time": { "iana": ["America/Punta_Arenas"] },
	"Saint Pierre Standard Time": { "iana": ["America/Miquelon"] },
	"Bahia Standard Time": { "iana": ["America/Bahia"] },
	"UTC-02": { "iana": ["Etc/GMT+2"] },
	"Azores Standard Time": { "iana": ["Atlantic/Azores"] },
	"Cape Verde Standard Time": { "iana": ["Atlantic/Cape_Verde"] },
	"UTC": { "iana": ["Etc/GMT"] },
	"GMT Standard Time": { "iana": ["Europe/London"] },
	"Greenwich Standard Time": { "iana": ["Atlantic/Reykjavik"] },
	"Sao Tome Standard Time": { "iana": ["Africa/Sao_Tome"] },
	"Morocco Standard Time": { "iana": ["Africa/Casablanca"] },
	"W. Europe Standard Time": { "iana": ["Europe/Berlin"] },
	"Central Europe Standard Time": { "iana": ["Europe/Budapest"] },
	"Romance Standard Time": { "iana": ["Europe/Paris"] },
	"Central European Standard Time": { "iana": ["Europe/Warsaw"] },
	"W. Central Africa Standard Time": { "iana": ["Africa/Lagos"] },
	"Jordan Standard Time": { "iana": ["Asia/Amman"] },
	"GTB Standard Time": { "iana": ["Europe/Bucharest"] },
	"Middle East Standard Time": { "iana": ["Asia/Beirut"] },
	"Egypt Standard Time": { "iana": ["Africa/Cairo"] },
	"E. Europe Standard Time": { "iana": ["Europe/Chisinau"] },
	"Syria Standard Time": { "iana": ["Asia/Damascus"] },
	"West Bank Standard Time": { "iana": ["Asia/Hebron"] },
	"South Africa Standard Time": { "iana": ["Africa/Johannesburg"] },
	"FLE Standard Time": { "iana": ["Europe/Kiev"] },
	"Israel Standard Time": { "iana": ["Asia/Jerusalem"] },
	"Kaliningrad Standard Time": { "iana": ["Europe/Kaliningrad"] },
	"Sudan Standard Time": { "iana": ["Africa/Khartoum"] },
	"Libya Standard Time": { "iana": ["Africa/Tripoli"] },
	"Namibia Standard Time": { "iana": ["Africa/Windhoek"] },
	"Arabic Standard Time": { "iana": ["Asia/Baghdad"] },
	"Turkey Standard Time": { "iana": ["Europe/Istanbul"] },
	"Arab Standard Time": { "iana": ["Asia/Riyadh"] },
	"Belarus Standard Time": { "iana": ["Europe/Minsk"] },
	"Russian Standard Time": { "iana": ["Europe/Moscow"] },
	"E. Africa Standard Time": { "iana": ["Africa/Nairobi"] },
	"Iran Standard Time": { "iana": ["Asia/Tehran"] },
	"Arabian Standard Time": { "iana": ["Asia/Dubai"] },
	"Astrakhan Standard Time": { "iana": ["Europe/Astrakhan"] },
	"Azerbaijan Standard Time": { "iana": ["Asia/Baku"] },
	"Russia Time Zone 3": { "iana": ["Europe/Samara"] },
	"Mauritius Standard Time": { "iana": ["Indian/Mauritius"] },
	"Saratov Standard Time": { "iana": ["Europe/Saratov"] },
	"Georgian Standard Time": { "iana": ["Asia/Tbilisi"] },
	"Volgograd Standard Time": { "iana": ["Europe/Volgograd"] },
	"Caucasus Standard Time": { "iana": ["Asia/Yerevan"] },
	"Afghanistan Standard Time": { "iana": ["Asia/Kabul"] },
	"West Asia Standard Time": { "iana": ["Asia/Tashkent"] },
	"Ekaterinburg Standard Time": { "iana": ["Asia/Yekaterinburg"] },
	"Pakistan Standard Time": { "iana": ["Asia/Karachi"] },
	"Qyzylorda Standard Time": { "iana": ["Asia/Qyzylorda"] },
	"India Standard Time": { "iana": ["Asia/Calcutta"] },
	"Sri Lanka Standard Time": { "iana": ["Asia/Colombo"] },
	"Nepal Standard Time": { "iana": ["Asia/Katmandu"] },
	"Central Asia Standard Time": { "iana": ["Asia/Almaty"] },
	"Bangladesh Standard Time": { "iana": ["Asia/Dhaka"] },
	"Omsk Standard Time": { "iana": ["Asia/Omsk"] },
	"Myanmar Standard Time": { "iana": ["Asia/Rangoon"] },
	"SE Asia Standard Time": { "iana": ["Asia/Bangkok"] },
	"Altai Standard Time": { "iana": ["Asia/Barnaul"] },
	"W. Mongolia Standard Time": { "iana": ["Asia/Hovd"] },
	"North Asia Standard Time": { "iana": ["Asia/Krasnoyarsk"] },
	"N. Central Asia Standard Time": { "iana": ["Asia/Novosibirsk"] },
	"Tomsk Standard Time": { "iana": ["Asia/Tomsk"] },
	"China Standard Time": { "iana": ["Asia/Shanghai"] },
	"North Asia East Standard Time": { "iana": ["Asia/Irkutsk"] },
	"Singapore Standard Time": { "iana": ["Asia/Singapore"] },
	"W. Australia Standard Time": { "iana": ["Australia/Perth"] },
	"Taipei Standard Time": { "iana": ["Asia/Taipei"] },
	"Ulaanbaatar Standard Time": { "iana": ["Asia/Ulaanbaatar"] },
	"Aus Central W. Standard Time": { "iana": ["Australia/Eucla"] },
	"Transbaikal Standard Time": { "iana": ["Asia/Chita"] },
	"Tokyo Standard Time": { "iana": ["Asia/Tokyo"] },
	"North Korea Standard Time": { "iana": ["Asia/Pyongyang"] },
	"Korea Standard Time": { "iana": ["Asia/Seoul"] },
	"Yakutsk Standard Time": { "iana": ["Asia/Yakutsk"] },
	"Cen. Australia Standard Time": { "iana": ["Australia/Adelaide"] },
	"AUS Central Standard Time": { "iana": ["Australia/Darwin"] },
	"E. Australia Standard Time": { "iana": ["Australia/Brisbane"] },
	"AUS Eastern Standard Time": { "iana": ["Australia/Sydney"] },
	"West Pacific Standard Time": { "iana": ["Pacific/Port_Moresby"] },
	"Tasmania Standard Time": { "iana": ["Australia/Hobart"] },
	"Vladivostok Standard Time": { "iana": ["Asia/Vladivostok"] },
	"Lord Howe Standard Time": { "iana": ["Australia/Lord_Howe"] },
	"Bougainville Standard Time": { "iana": ["Pacific/Bougainville"] },
	"Russia Time Zone 10": { "iana": ["Asia/Srednekolymsk"] },
	"Magadan Standard Time": { "iana": ["Asia/Magadan"] },
	"Norfolk Standard Time": { "iana": ["Pacific/Norfolk"] },
	"Sakhalin Standard Time": { "iana": ["Asia/Sakhalin"] },
	"Central Pacific Standard Time": { "iana": ["Pacific/Guadalcanal"] },
	"Russia Time Zone 11": { "iana": ["Asia/Kamchatka"] },
	"New Zealand Standard Time": { "iana": ["Pacific/Auckland"] },
	"UTC+12": { "iana": ["Etc/GMT-12"] },
	"Fiji Standard Time": { "iana": ["Pacific/Fiji"] },
	"Chatham Islands Standard Time": { "iana": ["Pacific/Chatham"] },
	"UTC+13": { "iana": ["Etc/GMT-13"] },
	"Tonga Standard Time": { "iana": ["Pacific/Tongatapu"] },
	"Samoa Standard Time": { "iana": ["Pacific/Apia"] },
	"Line Islands Standard Time": { "iana": ["Pacific/Kiritimati"] },
	"(UTC-12:00) International Date Line West": { "iana": ["Etc/GMT+12"] },
	"(UTC-11:00) Midway Island, Samoa": { "iana": ["Pacific/Apia"] },
	"(UTC-10:00) Hawaii": { "iana": ["Pacific/Honolulu"] },
	"(UTC-09:00) Alaska": { "iana": ["America/Anchorage"] },
	"(UTC-08:00) Pacific Time (US & Canada); Tijuana": { "iana": ["America/Los_Angeles"] },
	"(UTC-08:00) Pacific Time (US and Canada); Tijuana": { "iana": ["America/Los_Angeles"] },
	"(UTC-07:00) Mountain Time (US & Canada)": { "iana": ["America/Denver"] },
	"(UTC-07:00) Mountain Time (US and Canada)": { "iana": ["America/Denver"] },
	"(UTC-07:00) Chihuahua, La Paz, Mazatlan": { "iana": [null] },
	"(UTC-07:00) Arizona": { "iana": ["America/Phoenix"] },
	"(UTC-06:00) Central Time (US & Canada)": { "iana": ["America/Chicago"] },
	"(UTC-06:00) Central Time (US and Canada)": { "iana": ["America/Chicago"] },
	"(UTC-06:00) Saskatchewan": { "iana": ["America/Regina"] },
	"(UTC-06:00) Guadalajara, Mexico City, Monterrey": { "iana": [null] },
	"(UTC-06:00) Central America": { "iana": ["America/Guatemala"] },
	"(UTC-05:00) Eastern Time (US & Canada)": { "iana": ["America/New_York"] },
	"(UTC-05:00) Eastern Time (US and Canada)": { "iana": ["America/New_York"] },
	"(UTC-05:00) Indiana (East)": { "iana": ["America/Indianapolis"] },
	"(UTC-05:00) Bogota, Lima, Quito": { "iana": ["America/Bogota"] },
	"(UTC-04:00) Atlantic Time (Canada)": { "iana": ["America/Halifax"] },
	"(UTC-04:00) Georgetown, La Paz, San Juan": { "iana": ["America/La_Paz"] },
	"(UTC-04:00) Santiago": { "iana": ["America/Santiago"] },
	"(UTC-03:30) Newfoundland": { "iana": [null] },
	"(UTC-03:00) Brasilia": { "iana": ["America/Sao_Paulo"] },
	"(UTC-03:00) Georgetown": { "iana": ["America/Cayenne"] },
	"(UTC-03:00) Greenland": { "iana": ["America/Godthab"] },
	"(UTC-02:00) Mid-Atlantic": { "iana": [null] },
	"(UTC-01:00) Azores": { "iana": ["Atlantic/Azores"] },
	"(UTC-01:00) Cape Verde Islands": { "iana": ["Atlantic/Cape_Verde"] },
	"(UTC) Greenwich Mean Time: Dublin, Edinburgh, Lisbon, London": { "iana": [null] },
	"(UTC) Monrovia, Reykjavik": { "iana": ["Atlantic/Reykjavik"] },
	"(UTC+01:00) Belgrade, Bratislava, Budapest, Ljubljana, Prague": { "iana": ["Europe/Budapest"] },
	"(UTC+01:00) Sarajevo, Skopje, Warsaw, Zagreb": { "iana": ["Europe/Warsaw"] },
	"(UTC+01:00) Brussels, Copenhagen, Madrid, Paris": { "iana": ["Europe/Paris"] },
	"(UTC+01:00) Amsterdam, Berlin, Bern, Rome, Stockholm, Vienna": { "iana": ["Europe/Berlin"] },
	"(UTC+01:00) West Central Africa": { "iana": ["Africa/Lagos"] },
	"(UTC+02:00) Minsk": { "iana": ["Europe/Chisinau"] },
	"(UTC+02:00) Cairo": { "iana": ["Africa/Cairo"] },
	"(UTC+02:00) Helsinki, Kiev, Riga, Sofia, Tallinn, Vilnius": { "iana": ["Europe/Kiev"] },
	"(UTC+02:00) Athens, Bucharest, Istanbul": { "iana": ["Europe/Bucharest"] },
	"(UTC+02:00) Jerusalem": { "iana": ["Asia/Jerusalem"] },
	"(UTC+02:00) Harare, Pretoria": { "iana": ["Africa/Johannesburg"] },
	"(UTC+03:00) Moscow, St. Petersburg, Volgograd": { "iana": ["Europe/Moscow"] },
	"(UTC+03:00) Kuwait, Riyadh": { "iana": ["Asia/Riyadh"] },
	"(UTC+03:00) Nairobi": { "iana": ["Africa/Nairobi"] },
	"(UTC+03:00) Baghdad": { "iana": ["Asia/Baghdad"] },
	"(UTC+03:30) Tehran": { "iana": ["Asia/Tehran"] },
	"(UTC+04:00) Abu Dhabi, Muscat": { "iana": ["Asia/Dubai"] },
	"(UTC+04:00) Baku, Tbilisi, Yerevan": { "iana": ["Asia/Yerevan"] },
	"(UTC+04:30) Kabul": { "iana": [null] },
	"(UTC+05:00) Ekaterinburg": { "iana": ["Asia/Yekaterinburg"] },
	"(UTC+05:00) Tashkent": { "iana": ["Asia/Tashkent"] },
	"(UTC+05:30) Chennai, Kolkata, Mumbai, New Delhi": { "iana": ["Asia/Calcutta"] },
	"(UTC+05:45) Kathmandu": { "iana": ["Asia/Katmandu"] },
	"(UTC+06:00) Astana, Dhaka": { "iana": ["Asia/Almaty"] },
	"(UTC+06:00) Sri Jayawardenepura": { "iana": ["Asia/Colombo"] },
	"(UTC+06:00) Almaty, Novosibirsk": { "iana": ["Asia/Novosibirsk"] },
	"(UTC+06:30) Yangon (Rangoon)": { "iana": ["Asia/Rangoon"] },
	"(UTC+07:00) Bangkok, Hanoi, Jakarta": { "iana": ["Asia/Bangkok"] },
	"(UTC+07:00) Krasnoyarsk": { "iana": ["Asia/Krasnoyarsk"] },
	"(UTC+08:00) Beijing, Chongqing, Hong Kong, Urumqi": { "iana": ["Asia/Shanghai"] },
	"(UTC+08:00) Kuala Lumpur, Singapore": { "iana": ["Asia/Singapore"] },
	"(UTC+08:00) Taipei": { "iana": ["Asia/Taipei"] },
	"(UTC+08:00) Perth": { "iana": ["Australia/Perth"] },
	"(UTC+08:00) Irkutsk, Ulaanbaatar": { "iana": ["Asia/Irkutsk"] },
	"(UTC+09:00) Seoul": { "iana": ["Asia/Seoul"] },
	"(UTC+09:00) Osaka, Sapporo, Tokyo": { "iana": ["Asia/Tokyo"] },
	"(UTC+09:00) Yakutsk": { "iana": ["Asia/Yakutsk"] },
	"(UTC+09:30) Darwin": { "iana": ["Australia/Darwin"] },
	"(UTC+09:30) Adelaide": { "iana": ["Australia/Adelaide"] },
	"(UTC+10:00) Canberra, Melbourne, Sydney": { "iana": ["Australia/Sydney"] },
	"(GMT+10:00) Canberra, Melbourne, Sydney": { "iana": ["Australia/Sydney"] },
	"(UTC+10:00) Brisbane": { "iana": ["Australia/Brisbane"] },
	"(UTC+10:00) Hobart": { "iana": ["Australia/Hobart"] },
	"(UTC+10:00) Vladivostok": { "iana": ["Asia/Vladivostok"] },
	"(UTC+10:00) Guam, Port Moresby": { "iana": ["Pacific/Port_Moresby"] },
	"(UTC+11:00) Magadan, Solomon Islands, New Caledonia": { "iana": ["Pacific/Guadalcanal"] },
	"(UTC+12:00) Fiji, Kamchatka, Marshall Is.": { "iana": [null] },
	"(UTC+12:00) Auckland, Wellington": { "iana": ["Pacific/Auckland"] },
	"(UTC+13:00) Nuku'alofa": { "iana": ["Pacific/Tongatapu"] },
	"(UTC-03:00) Buenos Aires": { "iana": ["America/Buenos_Aires"] },
	"(UTC+02:00) Beirut": { "iana": ["Asia/Beirut"] },
	"(UTC+02:00) Amman": { "iana": ["Asia/Amman"] },
	"(UTC-06:00) Guadalajara, Mexico City, Monterrey - New": { "iana": ["America/Mexico_City"] },
	"(UTC-07:00) Chihuahua, La Paz, Mazatlan - New": { "iana": ["America/Chihuahua"] },
	"(UTC-08:00) Tijuana, Baja California": { "iana": ["America/Tijuana"] },
	"(UTC+02:00) Windhoek": { "iana": ["Africa/Windhoek"] },
	"(UTC+03:00) Tbilisi": { "iana": ["Asia/Tbilisi"] },
	"(UTC-04:00) Manaus": { "iana": ["America/Cuiaba"] },
	"(UTC-03:00) Montevideo": { "iana": ["America/Montevideo"] },
	"(UTC+04:00) Yerevan": { "iana": [null] },
	"(UTC-04:30) Caracas": { "iana": ["America/Caracas"] },
	"(UTC) Casablanca": { "iana": ["Africa/Casablanca"] },
	"(UTC+05:00) Islamabad, Karachi": { "iana": ["Asia/Karachi"] },
	"(UTC+04:00) Port Louis": { "iana": ["Indian/Mauritius"] },
	"(UTC) Coordinated Universal Time": { "iana": ["Etc/GMT"] },
	"(UTC-04:00) Asuncion": { "iana": ["America/Asuncion"] },
	"(UTC+12:00) Petropavlovsk-Kamchatsky": { "iana": [null] }
}
